column	class	nn	uniquevals	isnum	frc_int	n_nonmissing	n_missing	frc_missing	n_nonrepeat	frc_nonrepeat	top3	frc_mostcommon	md5	c_empty	c_uninformative	c_ordinal	c_tm	c_tf	c_numeric	c_factor	c_safe	c_safetf	c_safenumeric	c_complex	c_reistetter	c_schmidt	c_lin	c_notin2013	c_domainexpert	c_pct	c_total	c_byarea	c_per1k	c_median	c_medianhh	c_meanhh	c_percap	c_factorarea	c_SDI	c_ADI
CN	character	1711	1711	FALSE	0	1711	0	0	1711	1	"""A0001""; ""A0002""; ""A0003"""	0.000584453535944	0e0bc00e1b61b8f73dd5af1efa21c6ab	FALSE	FALSE	FALSE	FALSE	FALSE	FALSE	TRUE	FALSE	FALSE	FALSE	TRUE																
YEAR	numeric	1711	1	TRUE	1	1711	0	0	0	0	"""2013""; ""NA""; ""NA"""	1	b55b9c793c9057bd75f9fbdbf4fa1796	FALSE	TRUE	TRUE	FALSE	FALSE	FALSE	TRUE	FALSE	FALSE	FALSE	FALSE																
ACS_TOTAL_POP_WT	numeric	1711	1702	TRUE	1	1711	0	0	1693	0.98947983635301	"""4899""; ""16820""; ""25091"""	0.001168907071888	272e2fd46c4de30c3904776c1a9ee7f0	FALSE	FALSE	FALSE	FALSE	FALSE	TRUE	FALSE	TRUE	FALSE	TRUE	FALSE	TRUE				TRUE		TRUE									
REGION	character	1711	8	FALSE	0	1711	0	0	0	0	"""South""; ""Midwest""; ""West"""	0.410286382232612	26208dd986c83f1f6e1fd6b889c4342e	FALSE	FALSE	FALSE	FALSE	FALSE	FALSE	TRUE	TRUE	FALSE	FALSE	FALSE														TRUE		
STATE	character	1711	117	FALSE	0	1711	0	0	30	0.017533606078317	"""Texas""; ""California""; ""Pennsylvania"""	0.054354178842782	b3f0e17778dc2398731b1f563e021957	FALSE	FALSE	FALSE	FALSE	FALSE	FALSE	TRUE	FALSE	FALSE	FALSE	TRUE														TRUE		
ZCTA	numeric	1711	97	TRUE	0.898305084745763	1711	0	0	30	0.017533606078317	"""8""; ""6""; ""9"""	0.053185271770894	8bc36f630f444814ce63254c1ad207a1	FALSE	FALSE	FALSE	FALSE	FALSE	TRUE	TRUE	TRUE	FALSE	TRUE	FALSE																
ERS_RUCA1_2010	numeric	1711	289	TRUE	0.808299240210403	1711	0	0	89	0.052016364699006	"""36""; ""25""; ""13"""	0.015195791934541	60ad165f3443fe5628b7910bfe247d54	FALSE	FALSE	FALSE	FALSE	FALSE	TRUE	TRUE	TRUE	FALSE	TRUE	FALSE														TRUE		
ERS_RUCA2_2010	numeric	1711	669	TRUE	0.489187609585038	1711	0	0	417	0.243717124488603	"""13""; ""36""; ""11"""	0.012273524254822	752e4601e746f6022a6644be6729fb8f	FALSE	FALSE	FALSE	FALSE	FALSE	TRUE	TRUE	TRUE	FALSE	TRUE	FALSE														TRUE		
CEN_POPDENSITY_2010	numeric	1711	1711	TRUE	0	1711	0	0	1711	1	"""9.55573366613295""; ""10.109100677756""; ""11.8462598086171"""	0.000584453535944	53384596bc3554174761eff256cfc3d2	FALSE	FALSE	FALSE	FALSE	FALSE	TRUE	FALSE	TRUE	FALSE	TRUE	FALSE								TRUE								
CEN_AREALAND_SQM	numeric	1711	1711	TRUE	0	1711	0	0	1711	1	"""2.8219419657""; ""2.9090515311""; ""5.0915057193"""	0.000584453535944	7f15a52599defc2dbb3fa7f530f2b1fa	FALSE	FALSE	FALSE	FALSE	FALSE	TRUE	FALSE	TRUE	FALSE	TRUE	FALSE							TRUE									
ACS_PCT_FOREIGN_BORN	numeric	1711	1702	TRUE	0.002922267679719	1711	0	0	1693	0.98947983635301	"""0""; ""13.86""; ""29.532"""	0.001168907071888	c876c6e38fb603d4f6bf405be870ed6c	FALSE	FALSE	FALSE	FALSE	FALSE	TRUE	FALSE	TRUE	FALSE	TRUE	FALSE						TRUE										
ACS_PCT_CTZ_US_BORN	numeric	1711	1711	TRUE	0.002337814143776	1711	0	0	1711	1	"""150.019""; ""159.949""; ""163.684"""	0.000584453535944	35badd3d708e8104fadfec17eec3527b	FALSE	FALSE	FALSE	FALSE	FALSE	TRUE	FALSE	TRUE	FALSE	TRUE	FALSE						TRUE										
ACS_PCT_CTZ_NONUS_BORN	numeric	1711	1695	TRUE	0.001753360607832	1711	0	0	1679	0.981297486849795	"""0""; ""3.673""; ""4.371"""	0.001168907071888	4b4457932a5e1af76dc371305c7139c6	FALSE	FALSE	FALSE	FALSE	FALSE	TRUE	FALSE	TRUE	FALSE	TRUE	FALSE						TRUE										
ACS_PCT_NON_CITIZEN	numeric	1711	1704	TRUE	0.002922267679719	1711	0	0	1698	0.99240210403273	"""0""; ""8.002""; ""10.748"""	0.001753360607832	e9d51bf8c4f119fde35ab49e0befa0fa	FALSE	FALSE	FALSE	FALSE	FALSE	TRUE	FALSE	TRUE	FALSE	TRUE	FALSE						TRUE										
ACS_PCT_NONCTN_1990	numeric	1711	1590	TRUE	0.0239625949737	1711	0	0	1510	0.882524839275278	"""0""; ""1.047""; ""3.967"""	0.023378141437756	7009128c8c44ddae1fe36d0791b775d6	FALSE	FALSE	FALSE	FALSE	FALSE	TRUE	FALSE	TRUE	FALSE	TRUE	FALSE						TRUE										
ACS_PCT_NONCTN_2010	numeric	1711	1456	TRUE	0.064874342489772	1711	0	0	1326	0.774985388661601	"""0""; ""1.324""; ""0.059"""	0.064289888953828	9912935e4d15f8789ecf387c7c8a2375	FALSE	FALSE	FALSE	FALSE	FALSE	TRUE	FALSE	TRUE	FALSE	TRUE	FALSE						TRUE										
ACS_PCT_VA	numeric	1711	1705	TRUE	0.003506721215663	1711	0	0	1699	0.992986557568673	"""63.683""; ""106.185""; ""119"""	0.001168907071888	f4735eea6f434f76318ee2e75952703f	FALSE	FALSE	FALSE	FALSE	FALSE	TRUE	FALSE	TRUE	FALSE	TRUE	FALSE						TRUE										
ACS_PCT_GULFWAR_2001	numeric	1711	1699	TRUE	0.009935710111046	1711	0	0	1695	0.990648743424898	"""0""; ""9.036""; ""93.056"""	0.005844535359439	845b1ce8252b3bfbda7cddc69942ac98	FALSE	FALSE	FALSE	FALSE	FALSE	TRUE	FALSE	TRUE	FALSE	TRUE	FALSE						TRUE										
ACS_PCT_GULFWAR_1990	numeric	1711	1702	TRUE	0.003506721215663	1711	0	0	1695	0.990648743424898	"""0""; ""56.846""; ""59.945"""	0.002337814143776	12e142c2e88140a5920d7d9340460b09	FALSE	FALSE	FALSE	FALSE	FALSE	TRUE	FALSE	TRUE	FALSE	TRUE	FALSE						TRUE										
ACS_PCT_AGE_65UP	numeric	1711	1709	TRUE	0.001168907071888	1711	0	0	1707	0.997662185856225	"""148.318""; ""224.134""; ""16.685"""	0.001168907071888	c54f82c1bfc95e51d3708b20a93cc444	FALSE	FALSE	FALSE	FALSE	FALSE	TRUE	FALSE	TRUE	FALSE	TRUE	FALSE	TRUE				TRUE	TRUE										
ACS_PCT_AGE_0_17	numeric	1711	1707	TRUE	0	1711	0	0	1703	0.995324371712449	"""80.238""; ""130.019""; ""312.844"""	0.001168907071888	d5762c2db9771f95739faf7829cd6a5c	FALSE	FALSE	FALSE	FALSE	FALSE	TRUE	FALSE	TRUE	FALSE	TRUE	FALSE						TRUE										
ACS_PCT_AGE_15_17	numeric	1711	1688	TRUE	0.001753360607832	1711	0	0	1665	0.973115137346581	"""17.687""; ""18.115""; ""34.476"""	0.001168907071888	2abb500ce493ea4e58ce2f0685c01bf2	FALSE	FALSE	FALSE	FALSE	FALSE	TRUE	FALSE	TRUE	FALSE	TRUE	FALSE						TRUE										
ACS_PCT_AGE_0_4	numeric	1711	1703	TRUE	0.002922267679719	1711	0	0	1695	0.990648743424898	"""25.67""; ""42.574""; ""52.494"""	0.001168907071888	8a6f3120aba5ac40cffa8d5756cce2a2	FALSE	FALSE	FALSE	FALSE	FALSE	TRUE	FALSE	TRUE	FALSE	TRUE	FALSE						TRUE										
ACS_PCT_AGE_5_9	numeric	1711	1704	TRUE	0.001168907071888	1711	0	0	1697	0.991817650496785	"""33.278""; ""55.548""; ""64.467"""	0.001168907071888	560e3a2ca3a54a76419e3b68182c8973	FALSE	FALSE	FALSE	FALSE	FALSE	TRUE	FALSE	TRUE	FALSE	TRUE	FALSE						TRUE										
ACS_PCT_AGE_10_14	numeric	1711	1707	TRUE	0.000584453535944	1711	0	0	1703	0.995324371712449	"""51.474""; ""61.267""; ""79.073"""	0.001168907071888	015a45754ae20fcad8e9212049071ccf	FALSE	FALSE	FALSE	FALSE	FALSE	TRUE	FALSE	TRUE	FALSE	TRUE	FALSE						TRUE										
ACS_PCT_AGE_18_44	numeric	1711	1711	TRUE	0.001168907071888	1711	0	0	1711	1	"""43.647""; ""47.881""; ""48.867"""	0.000584453535944	c075e5352f3aee546d6ecdc8c220fe5b	FALSE	FALSE	FALSE	FALSE	FALSE	TRUE	FALSE	TRUE	FALSE	TRUE	FALSE						TRUE										
ACS_PCT_AGE_45_64	numeric	1711	1708	TRUE	0	1711	0	0	1705	0.996493278784337	"""196.359""; ""208.616""; ""358.43"""	0.001168907071888	c5863099088506168361228bd2d5ad6e	FALSE	FALSE	FALSE	FALSE	FALSE	TRUE	FALSE	TRUE	FALSE	TRUE	FALSE						TRUE										
ACS_PCT_AGE_80UP	numeric	1711	1702	TRUE	0.001753360607832	1711	0	0	1693	0.98947983635301	"""6.307""; ""9.72""; ""26.374"""	0.001168907071888	70c53778568a5f58d38981b4941acc1d	FALSE	FALSE	FALSE	FALSE	FALSE	TRUE	FALSE	TRUE	FALSE	TRUE	FALSE	TRUE				TRUE	TRUE										
ACS_MEDIAN_AGE	numeric	1711	1610	TRUE	0.092928112215079	1711	0	0	1517	0.886616014026885	"""199.1""; ""239""; ""242.9"""	0.001753360607832	c6a25686169863d8967079472b2fd622	FALSE	FALSE	FALSE	FALSE	FALSE	TRUE	FALSE	TRUE	FALSE	TRUE	FALSE										TRUE						
ACS_PCT_WHITE	numeric	1711	1711	TRUE	0.002337814143776	1711	0	0	1711	1	"""81.375""; ""98.885""; ""119.843"""	0.000584453535944	23a2fc9afb9b1a8b7c389112638a6050	FALSE	FALSE	FALSE	FALSE	FALSE	TRUE	FALSE	TRUE	FALSE	TRUE	FALSE	TRUE				TRUE	TRUE										
ACS_PCT_BLACK	numeric	1711	1696	TRUE	0.007013442431327	1711	0	0	1689	0.987142022209234	"""0""; ""0.46""; ""2.8"""	0.005844535359439	0f3158be9d74ff28145b09a03b03bfa2	FALSE	FALSE	FALSE	FALSE	FALSE	TRUE	FALSE	TRUE	FALSE	TRUE	FALSE	TRUE				TRUE	TRUE										
ACS_PCT_AIAN	numeric	1711	1624	TRUE	0.015780245470485	1711	0	0	1565	0.914669783752192	"""0""; ""0.156""; ""0.161"""	0.015195791934541	c594c5586769f67fea7fc73386f83c54	FALSE	FALSE	FALSE	FALSE	FALSE	TRUE	FALSE	TRUE	FALSE	TRUE	FALSE						TRUE										
ACS_PCT_ASIAN	numeric	1711	1669	TRUE	0.009935710111046	1711	0	0	1642	0.959672706019871	"""0""; ""0.481""; ""0.854"""	0.009351256575102	29d2f5d5bde8f3ae40abb5ef95e17d05	FALSE	FALSE	FALSE	FALSE	FALSE	TRUE	FALSE	TRUE	FALSE	TRUE	FALSE	TRUE				TRUE	TRUE										
ACS_PCT_NHPI	numeric	1711	1029	TRUE	0.225014611338399	1711	0	0	827	0.483343074225599	"""0""; ""0.06""; ""0.052"""	0.225014611338399	b0059661df717e0df72dac2f3b0431f6	FALSE	FALSE	FALSE	FALSE	FALSE	TRUE	FALSE	TRUE	FALSE	TRUE	FALSE						TRUE										
ACS_PCT_MULT_RACE	numeric	1711	1699	TRUE	0.002337814143776	1711	0	0	1687	0.985973115137346	"""7.466""; ""7.828""; ""10.58"""	0.001168907071888	19b8f4db646923c2b906e756ebb83e63	FALSE	FALSE	FALSE	FALSE	FALSE	TRUE	FALSE	TRUE	FALSE	TRUE	FALSE						TRUE										
ACS_PCT_HISPAN	numeric	1711	1703	TRUE	0.001753360607832	1711	0	0	1695	0.990648743424898	"""0""; ""6.979""; ""12.736"""	0.001168907071888	d4be1da8851a07f0b691e8092ef3426c	FALSE	FALSE	FALSE	FALSE	FALSE	TRUE	FALSE	TRUE	FALSE	TRUE	FALSE	TRUE				TRUE	TRUE										
ACS_PCT_DISABLE	numeric	1711	1709	TRUE	0.000584453535944	1711	0	0	1707	0.997662185856225	"""58.375""; ""132.816""; ""19.149"""	0.001168907071888	a87401349f507454c56f3d8957519429	FALSE	FALSE	FALSE	FALSE	FALSE	TRUE	FALSE	TRUE	FALSE	TRUE	FALSE	TRUE				TRUE	TRUE										
ACS_PCT_VA_DISABLE	numeric	1711	1710	TRUE	0.002922267679719	1711	0	0	1709	0.998831092928112	"""46.719""; ""0""; ""9.272"""	0.001168907071888	484c110eaa9d20d918e6b5f964b4da8f	FALSE	FALSE	FALSE	FALSE	FALSE	TRUE	FALSE	TRUE	FALSE	TRUE	FALSE						TRUE										
ACS_PCT_NONVA_DISABLE	numeric	1711	1707	TRUE	0.000584453535944	1711	0	0	1703	0.995324371712449	"""24.59""; ""52.042""; ""189.21"""	0.001168907071888	1da58eeefd1b77773698f2f5d1ed990d	FALSE	FALSE	FALSE	FALSE	FALSE	TRUE	FALSE	TRUE	FALSE	TRUE	FALSE						TRUE										
ACS_PCT_LIMIT_ENGLISH	numeric	1711	1660	TRUE	0.018702513150205	1711	0	0	1636	0.956165984804208	"""0""; ""8.764""; ""0.354"""	0.016364699006429	7755f94387c059a544874420d5df16bb	FALSE	FALSE	FALSE	FALSE	FALSE	TRUE	FALSE	TRUE	FALSE	TRUE	FALSE						TRUE										
ACS_PCT_ENGL_VERY_WELL	numeric	1711	1706	TRUE	0.001168907071888	1711	0	0	1701	0.994155464640561	"""12.261""; ""25.613""; ""41.574"""	0.001168907071888	10ab11e753962e0fb92915869fa572bc	FALSE	FALSE	FALSE	FALSE	FALSE	TRUE	FALSE	TRUE	FALSE	TRUE	FALSE						TRUE										
ACS_PCT_ENGL_WELL	numeric	1711	1684	TRUE	0.005260081823495	1711	0	0	1661	0.970777323202805	"""0""; ""1.08""; ""2.701"""	0.003506721215663	6d8881bde56cf7a6df2b2520bdf82324	FALSE	FALSE	FALSE	FALSE	FALSE	TRUE	FALSE	TRUE	FALSE	TRUE	FALSE						TRUE										
ACS_PCT_ENGL_NOT_WELL	numeric	1711	1668	TRUE	0.011104617182934	1711	0	0	1642	0.959672706019871	"""0""; ""9.82""; ""0.464"""	0.01052016364699	f494cc8118a8507e17baf9ba92b84327	FALSE	FALSE	FALSE	FALSE	FALSE	TRUE	FALSE	TRUE	FALSE	TRUE	FALSE	TRUE				TRUE	TRUE										
ACS_PCT_ENGL_NOT_ALL	numeric	1711	1525	TRUE	0.056107539450614	1711	0	0	1440	0.841613091759205	"""0""; ""0.126""; ""0.638"""	0.056107539450614	2a9a3c5b18bf6ae69c139b4ee45982c5	FALSE	FALSE	FALSE	FALSE	FALSE	TRUE	FALSE	TRUE	FALSE	TRUE	FALSE		TRUE			TRUE	TRUE										
ACS_PCT_ENGLISH	numeric	1711	1711	TRUE	0.001753360607832	1711	0	0	1711	1	"""99.433""; ""114.303""; ""143.273"""	0.000584453535944	6622f97f0fe45f8caf6608afbdb2efd3	FALSE	FALSE	FALSE	FALSE	FALSE	TRUE	FALSE	TRUE	FALSE	TRUE	FALSE						TRUE										
ACS_PCT_SPANISH	numeric	1711	1701	TRUE	0.002922267679719	1711	0	0	1692	0.988895382817066	"""0""; ""6.36""; ""7.641"""	0.001753360607832	ac2f000d4e1bcbbba732ed9697f40dc7	FALSE	FALSE	FALSE	FALSE	FALSE	TRUE	FALSE	TRUE	FALSE	TRUE	FALSE						TRUE										
ACS_PCT_OTH_EURP	numeric	1711	1696	TRUE	0.002922267679719	1711	0	0	1682	0.983050847457627	"""0""; ""5.184""; ""6.916"""	0.001753360607832	1bdd5aa9d154ce2149339149e57a4393	FALSE	FALSE	FALSE	FALSE	FALSE	TRUE	FALSE	TRUE	FALSE	TRUE	FALSE						TRUE										
ACS_PCT_API_LANG	numeric	1711	1652	TRUE	0.015780245470485	1711	0	0	1616	0.94447691408533	"""0""; ""6.114""; ""0.506"""	0.014026884862653	f59e3dd4f930c488989cfb4b508f979f	FALSE	FALSE	FALSE	FALSE	FALSE	TRUE	FALSE	TRUE	FALSE	TRUE	FALSE						TRUE										
ACS_PCT_OTH_LANG	numeric	1711	1566	TRUE	0.03156049094097	1711	0	0	1477	0.863237872589129	"""0""; ""0.556""; ""0.599"""	0.030391583869082	05e848fd11f52c1034fce938ee4c043d	FALSE	FALSE	FALSE	FALSE	FALSE	TRUE	FALSE	TRUE	FALSE	TRUE	FALSE						TRUE										
ACS_PCT_FEMALE	numeric	1711	1711	TRUE	0	1711	0	0	1711	1	"""84.254""; ""90.904""; ""94.192"""	0.000584453535944	755d099ba681d208c570a24bac5b4b98	FALSE	FALSE	FALSE	FALSE	FALSE	TRUE	FALSE	TRUE	FALSE	TRUE	FALSE	TRUE				TRUE	TRUE										
ACS_PCT_UNEMPLOY	numeric	1711	1706	TRUE	0.000584453535944	1711	0	0	1701	0.994155464640561	"""27.127""; ""37.708""; ""84.836"""	0.001168907071888	153e4b2f75b2ce6ceed997806ce88171	FALSE	FALSE	FALSE	FALSE	FALSE	TRUE	FALSE	TRUE	FALSE	TRUE	FALSE	TRUE				TRUE	TRUE									TRUE	TRUE
ACS_PCT_ARMED_FORCES	numeric	1711	1411	TRUE	0.072472238457043	1711	0	0	1254	0.732904734073641	"""0""; ""0.578""; ""0.1"""	0.071303331385155	aac8b4f087a02eeb7bdc930f14f8d322	FALSE	FALSE	FALSE	FALSE	FALSE	TRUE	FALSE	TRUE	FALSE	TRUE	FALSE						TRUE										
ACS_PCT_PERSON_INC99	numeric	1711	1709	TRUE	0.001168907071888	1711	0	0	1707	0.997662185856225	"""90.567""; ""159.423""; ""4.643"""	0.001168907071888	e5609885f76fc92fff053187ad1a00d7	FALSE	FALSE	FALSE	FALSE	FALSE	TRUE	FALSE	TRUE	FALSE	TRUE	FALSE	TRUE				TRUE	TRUE										TRUE
ACS_PCT_PERSON_INC124	numeric	1711	1702	TRUE	0.002337814143776	1711	0	0	1693	0.98947983635301	"""18.282""; ""20.149""; ""35.243"""	0.001168907071888	ce7c7776cfa7d509a66826aeedc0c82d	FALSE	FALSE	FALSE	FALSE	FALSE	TRUE	FALSE	TRUE	FALSE	TRUE	FALSE	TRUE				TRUE	TRUE										TRUE
ACS_PCT_INC137	numeric	1711	1711	TRUE	0.001753360607832	1711	0	0	1711	1	"""17.951""; ""21.947""; ""25.106"""	0.000584453535944	671af06ca07eb6c6c0ba369240d7f0ac	FALSE	FALSE	FALSE	FALSE	FALSE	TRUE	FALSE	TRUE	FALSE	TRUE	FALSE					TRUE	TRUE										TRUE
ACS_MEDIAN_HH_INCOME	numeric	1711	1709	TRUE	0.882524839275278	1711	0	0	1707	0.997662185856225	"""282196""; ""655765""; ""63475"""	0.001168907071888	ba25be3d20951458aeb161fc2519d78f	FALSE	FALSE	FALSE	FALSE	FALSE	TRUE	FALSE	TRUE	FALSE	TRUE	FALSE					TRUE					FALSE	TRUE					TRUE
ACS_PER_CAPITA_INCOME	numeric	1711	1708	TRUE	0.885447106954997	1711	0	0	1705	0.996493278784337	"""111808""; ""193803""; ""428265"""	0.001168907071888	1f2275d841f0337c97f0ae4d3c533169	FALSE	FALSE	FALSE	FALSE	FALSE	TRUE	FALSE	TRUE	FALSE	TRUE	FALSE	TRUE				TRUE								TRUE			
ACS_GINI_INDEX	numeric	1711	1699	TRUE	0	1711	0	0	1687	0.985973115137346	"""1.8078""; ""2.1574""; ""2.2738"""	0.001168907071888	804e82bb963d0727c1f74b657b708d6e	FALSE	FALSE	FALSE	FALSE	FALSE	TRUE	FALSE	TRUE	FALSE	TRUE	FALSE		TRUE			TRUE											TRUE
ACS_PCT_PERSON_INC199	numeric	1711	1707	TRUE	0.001168907071888	1711	0	0	1703	0.995324371712449	"""137.207""; ""179.111""; ""350.554"""	0.001168907071888	d946e36f2b6343419d394a0f0493ce5d	FALSE	FALSE	FALSE	FALSE	FALSE	TRUE	FALSE	TRUE	FALSE	TRUE	FALSE	TRUE				TRUE	TRUE										TRUE
ACS_PCT_PERSON_INC200	numeric	1711	1709	TRUE	0.001168907071888	1711	0	0	1707	0.997662185856225	"""545.931""; ""1876.388""; ""84.618"""	0.001168907071888	e7e61f323200abf82b1bc5c9d9239b2d	FALSE	FALSE	FALSE	FALSE	FALSE	TRUE	FALSE	TRUE	FALSE	TRUE	FALSE	TRUE				TRUE	TRUE										TRUE
ACS_PCT_INC400	numeric	1711	1709	TRUE	0	1711	0	0	1707	0.997662185856225	"""197.14""; ""309.354""; ""25.968"""	0.001168907071888	d7f5a6281c0b27ebec23df45e1abd335	FALSE	FALSE	FALSE	FALSE	FALSE	TRUE	FALSE	TRUE	FALSE	TRUE	FALSE	TRUE				TRUE	TRUE										TRUE
ACS_PCT_FOOD_STAMP	numeric	1711	1707	TRUE	0.000584453535944	1711	0	0	1703	0.995324371712449	"""99.435""; ""122.362""; ""143.848"""	0.001168907071888	484c4c93d0baa23a326c3731c01a3996	FALSE	FALSE	FALSE	FALSE	FALSE	TRUE	FALSE	TRUE	FALSE	TRUE	FALSE	TRUE				TRUE	TRUE										
ACS_PCT_NATURE	numeric	1711	1708	TRUE	0.001168907071888	1711	0	0	1705	0.996493278784337	"""4.569""; ""50.519""; ""53.733"""	0.001168907071888	00e19f3713d5ba7e3c9dd47a02e21e31	FALSE	FALSE	FALSE	FALSE	FALSE	TRUE	FALSE	TRUE	FALSE	TRUE	FALSE						TRUE										
ACS_PCT_CONSTRUCT	numeric	1711	1705	TRUE	0.000584453535944	1711	0	0	1699	0.992986557568673	"""23.568""; ""64.309""; ""69.581"""	0.001168907071888	32e2f70bf2c50de96c1796d179b21541	FALSE	FALSE	FALSE	FALSE	FALSE	TRUE	FALSE	TRUE	FALSE	TRUE	FALSE						TRUE										
ACS_PCT_MANUFACT	numeric	1711	1709	TRUE	0.000584453535944	1711	0	0	1707	0.997662185856225	"""154.278""; ""315.37""; ""2.97"""	0.001168907071888	c6e2a6829dac887ea8374ef0a15b33e0	FALSE	FALSE	FALSE	FALSE	FALSE	TRUE	FALSE	TRUE	FALSE	TRUE	FALSE	TRUE				TRUE	TRUE										
ACS_PCT_WHOLESALE	numeric	1711	1693	TRUE	0.003506721215663	1711	0	0	1676	0.979544126241964	"""0""; ""9.06""; ""11.9"""	0.001753360607832	42c63902170c0549e404699f9440da96	FALSE	FALSE	FALSE	FALSE	FALSE	TRUE	FALSE	TRUE	FALSE	TRUE	FALSE						TRUE										
ACS_PCT_RETAIL	numeric	1711	1707	TRUE	0.001168907071888	1711	0	0	1703	0.995324371712449	"""36.987""; ""69.438""; ""88.312"""	0.001168907071888	5af7a27f16ea46282593b4d0cb271f1c	FALSE	FALSE	FALSE	FALSE	FALSE	TRUE	FALSE	TRUE	FALSE	TRUE	FALSE						TRUE										
ACS_PCT_TRANSPORT	numeric	1711	1699	TRUE	0	1711	0	0	1687	0.985973115137346	"""21.256""; ""35.62""; ""39.944"""	0.001168907071888	4c3b8894203e42efb85e5280db06ea7f	FALSE	FALSE	FALSE	FALSE	FALSE	TRUE	FALSE	TRUE	FALSE	TRUE	FALSE						TRUE										
ACS_PCT_INFORM	numeric	1711	1674	TRUE	0.009935710111046	1711	0	0	1648	0.963179427235535	"""0""; ""2.005""; ""3.56"""	0.007597895967271	155440974917f2374dea0a181b995ee2	FALSE	FALSE	FALSE	FALSE	FALSE	TRUE	FALSE	TRUE	FALSE	TRUE	FALSE					TRUE	TRUE										TRUE
ACS_PCT_FINANCE	numeric	1711	1703	TRUE	0.002922267679719	1711	0	0	1696	0.991233196960842	"""36.644""; ""10.735""; ""15.861"""	0.001753360607832	c5e6c33a3ee7ff65f3ddbd4911d145ff	FALSE	FALSE	FALSE	FALSE	FALSE	TRUE	FALSE	TRUE	FALSE	TRUE	FALSE					TRUE	TRUE										TRUE
ACS_PCT_PROFESS	numeric	1711	1705	TRUE	0	1711	0	0	1699	0.992986557568673	"""28.879""; ""49.721""; ""122.051"""	0.001168907071888	981da8c7175bd008d2152dae8ef145c6	FALSE	FALSE	FALSE	FALSE	FALSE	TRUE	FALSE	TRUE	FALSE	TRUE	FALSE					TRUE	TRUE										TRUE
ACS_PCT_EDUC	numeric	1711	1709	TRUE	0.000584453535944	1711	0	0	1707	0.997662185856225	"""160.461""; ""240.886""; ""29.959"""	0.001168907071888	b7bc3b45ef1dfcf3c1b795cf11c2f7c5	FALSE	FALSE	FALSE	FALSE	FALSE	TRUE	FALSE	TRUE	FALSE	TRUE	FALSE	TRUE				TRUE	TRUE										TRUE
ACS_PCT_ART	numeric	1711	1706	TRUE	0.000584453535944	1711	0	0	1701	0.994155464640561	"""28.038""; ""92.552""; ""98.623"""	0.001168907071888	ef7cd8f1883283e2c4631c2f48e45a9f	FALSE	FALSE	FALSE	FALSE	FALSE	TRUE	FALSE	TRUE	FALSE	TRUE	FALSE						TRUE										
ACS_PCT_OTHER	numeric	1711	1703	TRUE	0.000584453535944	1711	0	0	1696	0.991233196960842	"""49.325""; ""49.832""; ""57.281"""	0.001753360607832	3551257f00ecbda31199334dfd17c30d	FALSE	FALSE	FALSE	FALSE	FALSE	TRUE	FALSE	TRUE	FALSE	TRUE	FALSE						TRUE										
ACS_PCT_ADMIN	numeric	1711	1702	TRUE	0	1711	0	0	1693	0.98947983635301	"""12.226""; ""16.017""; ""25.492"""	0.001168907071888	dd55b1edca98770fa8c2d27533c8cf2a	FALSE	FALSE	FALSE	FALSE	FALSE	TRUE	FALSE	TRUE	FALSE	TRUE	FALSE					TRUE	TRUE										TRUE
ACS_PCT_1FAM_HH_FOOD_STMP	numeric	1711	1711	TRUE	0.004091174751607	1711	0	0	1711	1	"""0""; ""4.444""; ""6.723"""	0.000584453535944	c5929303ded9025040162bbc45eba0fb	FALSE	FALSE	FALSE	FALSE	FALSE	TRUE	FALSE	TRUE	FALSE	TRUE	FALSE	TRUE				TRUE	TRUE										
ACS_PCT_CHILD_1FAM	numeric	1711	1710	TRUE	0.000584453535944	1711	0	0	1709	0.998831092928112	"""599.264""; ""9.849""; ""13.295"""	0.001168907071888	59f870562372f1851f7a16ab75cb76ca	FALSE	FALSE	FALSE	FALSE	FALSE	TRUE	FALSE	TRUE	FALSE	TRUE	FALSE					TRUE	TRUE									TRUE	TRUE
ACS_PCT_VA_UNEMPL	numeric	1711	1681	TRUE	0.020455873758036	1711	0	0	1674	0.978375219170076	"""0""; ""3.597""; ""7.692"""	0.014611338398597	f1fce97c1f0912b5fc2d6f7a0d5c7060	FALSE	FALSE	FALSE	FALSE	FALSE	TRUE	FALSE	TRUE	FALSE	TRUE	FALSE						TRUE										
ACS_PCT_VA_LABOR_FORCE	numeric	1711	1709	TRUE	0.000584453535944	1711	0	0	1707	0.997662185856225	"""783.221""; ""841.907""; ""77.364"""	0.001168907071888	242d5da6984322255a0e88af2dbf396e	FALSE	FALSE	FALSE	FALSE	FALSE	TRUE	FALSE	TRUE	FALSE	TRUE	FALSE						TRUE										
ACS_PCT_VA_POOR	numeric	1711	1703	TRUE	0.008766803039158	1711	0	0	1701	0.994155464640561	"""0""; ""20""; ""0.81"""	0.004675628287551	8c3903160bd456136734f6398d568628	FALSE	FALSE	FALSE	FALSE	FALSE	TRUE	FALSE	TRUE	FALSE	TRUE	FALSE					TRUE	TRUE										TRUE
ACS_PCT_NONVA_POOR	numeric	1711	1710	TRUE	0.000584453535944	1711	0	0	1709	0.998831092928112	"""118.63""; ""3.555""; ""8.46"""	0.001168907071888	aeb6f9519576c3c99fdd31142bb10378	FALSE	FALSE	FALSE	FALSE	FALSE	TRUE	FALSE	TRUE	FALSE	TRUE	FALSE					TRUE	TRUE									TRUE	TRUE
ACS_VA_MEDIAN_INCOME	numeric	1711	1710	TRUE	0.886031560490941	1711	0	0	1709	0.998831092928112	"""247524""; ""26250""; ""27610"""	0.001168907071888	b7361cf39bbca0fab67c682fa7614c4a	FALSE	FALSE	FALSE	FALSE	FALSE	TRUE	FALSE	TRUE	FALSE	TRUE	FALSE										TRUE						
ACS_NONVA_MEDIAN_INCOME	numeric	1711	1707	TRUE	0.872004675628288	1711	0	0	1703	0.995324371712449	"""160838""; ""190243""; ""301441"""	0.001168907071888	f8e99de51166cf93ea29d13d92896512	FALSE	FALSE	FALSE	FALSE	FALSE	TRUE	FALSE	TRUE	FALSE	TRUE	FALSE										TRUE						
ACS_PCT_LT_HS	numeric	1711	1708	TRUE	0.001168907071888	1711	0	0	1705	0.996493278784337	"""93.762""; ""94.522""; ""224.832"""	0.001168907071888	72f744989b27c9dc341b0d4bb05e7dc3	FALSE	FALSE	FALSE	FALSE	FALSE	TRUE	FALSE	TRUE	FALSE	TRUE	FALSE					TRUE	TRUE									TRUE	TRUE
ACS_PCT_HS_GRADUATE	numeric	1711	1711	TRUE	0.001168907071888	1711	0	0	1711	1	"""30.183""; ""36.013""; ""47.727"""	0.000584453535944	03e5dc53546ba5412db2f713ed68ee5b	FALSE	FALSE	FALSE	FALSE	FALSE	TRUE	FALSE	TRUE	FALSE	TRUE	FALSE					TRUE	TRUE										TRUE
ACS_PCT_ASSOCIATE_DGR	numeric	1711	1710	TRUE	0	1711	0	0	1709	0.998831092928112	"""403.344""; ""36.195""; ""40.076"""	0.001168907071888	d33952724138f0b3e3c54035eb8bf862	FALSE	FALSE	FALSE	FALSE	FALSE	TRUE	FALSE	TRUE	FALSE	TRUE	FALSE						TRUE										
ACS_PCT_BACHELOR_DGR	numeric	1711	1708	TRUE	0.000584453535944	1711	0	0	1705	0.996493278784337	"""64.606""; ""159.455""; ""177.538"""	0.001168907071888	0419610aed285c4ab3b56ac8c6cfc0d7	FALSE	FALSE	FALSE	FALSE	FALSE	TRUE	FALSE	TRUE	FALSE	TRUE	FALSE						TRUE										
ACS_PCT_GRADUATE_DGR	numeric	1711	1702	TRUE	0	1711	0	0	1693	0.98947983635301	"""74.993""; ""89.023""; ""89.946"""	0.001168907071888	76f48bf8a388794c7b61a2c60ad04ff7	FALSE	FALSE	FALSE	FALSE	FALSE	TRUE	FALSE	TRUE	FALSE	TRUE	FALSE						TRUE										
ACS_PCT_POSTHS_ED	numeric	1711	1709	TRUE	0.000584453535944	1711	0	0	1707	0.997662185856225	"""224.57""; ""809.475""; ""55.645"""	0.001168907071888	1b68ef682f34f9b6ff2ba35ddea89038	FALSE	FALSE	FALSE	FALSE	FALSE	TRUE	FALSE	TRUE	FALSE	TRUE	FALSE	TRUE				TRUE	TRUE										TRUE
ACS_PCT_VA_COLLEGE	numeric	1711	1709	TRUE	0.000584453535944	1711	0	0	1707	0.997662185856225	"""247.789""; ""401.943""; ""12.655"""	0.001168907071888	106d13ca79890427edce7979f9a04025	FALSE	FALSE	FALSE	FALSE	FALSE	TRUE	FALSE	TRUE	FALSE	TRUE	FALSE						TRUE										
ACS_PCT_VA_BACHELOR	numeric	1711	1709	TRUE	0.001753360607832	1711	0	0	1707	0.997662185856225	"""228.165""; ""293.139""; ""1.687"""	0.001168907071888	15e5bd576901ffbdbb6edf9428fc691c	FALSE	FALSE	FALSE	FALSE	FALSE	TRUE	FALSE	TRUE	FALSE	TRUE	FALSE						TRUE										
ACS_TOTAL_HOUSEHOLD	numeric	1711	1691	TRUE	0.888369374634717	1711	0	0	1671	0.976621858562244	"""2484""; ""3657""; ""3692"""	0.001168907071888	b6d24df15ded4993252e30cb20b50d0d	FALSE	FALSE	FALSE	FALSE	FALSE	TRUE	FALSE	TRUE	FALSE	TRUE	FALSE	TRUE				TRUE		TRUE									
ACS_MEDIAN_RENT	numeric	1711	1549	TRUE	0.099941554646406	1711	0	0	1398	0.817066043249562	"""124""; ""130""; ""136.8"""	0.001753360607832	2bfaff63d608e56cb330867cfd138569	FALSE	FALSE	FALSE	FALSE	FALSE	TRUE	FALSE	TRUE	FALSE	TRUE	FALSE					TRUE					FALSE	TRUE					TRUE
ACS_MEDIAN_HOME_VALUE	numeric	1711	1681	TRUE	0.877849210987727	1711	0	0	1652	0.96551724137931	"""1450900""; ""364000""; ""611300"""	0.001753360607832	695516053c70bcb0e571e8c961cb6149	FALSE	FALSE	FALSE	FALSE	FALSE	TRUE	FALSE	TRUE	FALSE	TRUE	FALSE					TRUE					FALSE	TRUE					TRUE
ACS_PCT_RENT_COST_30PCT	numeric	1711	1711	TRUE	0.001753360607832	1711	0	0	1711	1	"""10.843""; ""20""; ""20.69"""	0.000584453535944	80dadce9f542283e0e4153d737371a53	FALSE	FALSE	FALSE	FALSE	FALSE	TRUE	FALSE	TRUE	FALSE	TRUE	FALSE						TRUE										
ACS_PCT_RENTED_HH	numeric	1711	1709	TRUE	0	1711	0	0	1707	0.997662185856225	"""124.632""; ""373.516""; ""29.428"""	0.001168907071888	6df68567b0151e9d8be5e42aadcb19d7	FALSE	FALSE	FALSE	FALSE	FALSE	TRUE	FALSE	TRUE	FALSE	TRUE	FALSE	TRUE				TRUE	TRUE									TRUE	
ACS_PCT_VACANT_HH	numeric	1711	1705	TRUE	0.000584453535944	1711	0	0	1699	0.992986557568673	"""91.332""; ""145.6""; ""189.118"""	0.001168907071888	586db66eb06f95868b9c1668ba9607aa	FALSE	FALSE	FALSE	FALSE	FALSE	TRUE	FALSE	TRUE	FALSE	TRUE	FALSE		TRUE			TRUE	TRUE										
ACS_HH_SIZE	numeric	1711	1537	TRUE	0.008766803039158	1711	0	0	1382	0.807714786674459	"""20.41""; ""26.04""; ""40.27"""	0.002337814143776	1a29527165860bb7cdd0b874e9f68f89	FALSE	FALSE	FALSE	FALSE	FALSE	TRUE	FALSE	TRUE	FALSE	TRUE	FALSE												TRUE				
ACS_PCT_HH_1PERS	numeric	1711	1707	TRUE	0.001753360607832	1711	0	0	1703	0.995324371712449	"""111.866""; ""235.918""; ""276.502"""	0.001168907071888	4cfeaa069b9b567eeb79862edc1687f9	FALSE	FALSE	FALSE	FALSE	FALSE	TRUE	FALSE	TRUE	FALSE	TRUE	FALSE	TRUE		TRUE		TRUE	TRUE										
ACS_PCT_OWNED_HH	numeric	1711	1709	TRUE	0	1711	0	0	1707	0.997662185856225	"""453.737""; ""521.96""; ""114.701"""	0.001168907071888	9d4c6929239c5aca084fbbde9aa1cb5a	FALSE	FALSE	FALSE	FALSE	FALSE	TRUE	FALSE	TRUE	FALSE	TRUE	FALSE					TRUE	TRUE										TRUE
ACS_PCT_GRP_QRT	numeric	1711	1690	TRUE	0.007013442431327	1711	0	0	1679	0.981297486849795	"""0""; ""15.909""; ""2.315"""	0.006428988895383	19b12d6721cf692ca0c510a7ec9c23a9	FALSE	FALSE	FALSE	FALSE	FALSE	TRUE	FALSE	TRUE	FALSE	TRUE	FALSE	TRUE				TRUE	TRUE										
ACS_PCT_HH_PUB_ASSIST	numeric	1711	1690	TRUE	0.004091174751607	1711	0	0	1670	0.9760374050263	"""0""; ""2.772""; ""5.731"""	0.001753360607832	6627d24e4270e30456202870806f1940	FALSE	FALSE	FALSE	FALSE	FALSE	TRUE	FALSE	TRUE	FALSE	TRUE	FALSE		TRUE			TRUE	TRUE										
ACS_PCT_DIVORCE_SEPARAT	numeric	1711	1708	TRUE	0.001168907071888	1711	0	0	1705	0.996493278784337	"""94.126""; ""118.39""; ""176.461"""	0.001168907071888	026926a23b906f31eaa124a9a09f270e	FALSE	FALSE	FALSE	FALSE	FALSE	TRUE	FALSE	TRUE	FALSE	TRUE	FALSE						TRUE										
ACS_PCT_1UP_PERS_1ROOM	numeric	1711	1695	TRUE	0.001168907071888	1711	0	0	1679	0.981297486849795	"""0""; ""6.25""; ""8.282"""	0.001168907071888	959a8051e6079e0642ed0a76a8e01af0	FALSE	FALSE	FALSE	FALSE	FALSE	TRUE	FALSE	TRUE	FALSE	TRUE	FALSE					TRUE	TRUE									TRUE	TRUE
ACS_PCT_OWNER_HH_CHILD	numeric	1711	1711	TRUE	0.000584453535944	1711	0	0	1711	1	"""24.632""; ""30.019""; ""37.574"""	0.000584453535944	01641999c3119990a0b3e5148e1918df	FALSE	FALSE	FALSE	FALSE	FALSE	TRUE	FALSE	TRUE	FALSE	TRUE	FALSE						TRUE										
ACS_PCT_RENT_HH_CHILD	numeric	1711	1708	TRUE	0	1711	0	0	1705	0.996493278784337	"""315.31""; ""386.84""; ""877.664"""	0.001168907071888	5759e2caf5180b2e82bc2a5bb265fa5e	FALSE	FALSE	FALSE	FALSE	FALSE	TRUE	FALSE	TRUE	FALSE	TRUE	FALSE						TRUE										
ACS_PCT_CHILD_DISAB	numeric	1711	1702	TRUE	0.001168907071888	1711	0	0	1693	0.98947983635301	"""17.009""; ""20.184""; ""21.183"""	0.001168907071888	87deef3dfbfd7ef201897b3835a8617a	FALSE	FALSE	FALSE	FALSE	FALSE	TRUE	FALSE	TRUE	FALSE	TRUE	FALSE						TRUE										
ACS_PCT_RENTER_65UP	numeric	1711	1709	TRUE	0.002337814143776	1711	0	0	1707	0.997662185856225	"""0""; ""255.361""; ""7.23"""	0.001168907071888	d33cb15ca8f67ba70326042d72027738	FALSE	FALSE	FALSE	FALSE	FALSE	TRUE	FALSE	TRUE	FALSE	TRUE	FALSE						TRUE										
ACS_PCT_HH_NO_FUEL	numeric	1711	1564	TRUE	0.035651665692577	1711	0	0	1480	0.864991233196961	"""0""; ""0.506""; ""0.698"""	0.035067212156634	28d1bf97271bcacfaf8b4e068f258c48	FALSE	FALSE	FALSE	FALSE	FALSE	TRUE	FALSE	TRUE	FALSE	TRUE	FALSE						TRUE										
ACS_PCT_1UP_OWNER_1ROOM	numeric	1711	1670	TRUE	0.005844535359439	1711	0	0	1635	0.955581531268264	"""0""; ""2.643""; ""3.27"""	0.004675628287551	2b416007a1e3c229430b075affd2fb11	FALSE	FALSE	FALSE	FALSE	FALSE	TRUE	FALSE	TRUE	FALSE	TRUE	FALSE						TRUE										
ACS_PCT_1UP_RENT_1ROOM	numeric	1711	1683	TRUE	0.011689070718878	1711	0	0	1672	0.977206312098188	"""0""; ""2.293""; ""8.351"""	0.011104617182934	efe89906662634f60dc961d6d32643bf	FALSE	FALSE	FALSE	FALSE	FALSE	TRUE	FALSE	TRUE	FALSE	TRUE	FALSE						TRUE										
ACS_PCT_NO_VEH	numeric	1711	1701	TRUE	0.001168907071888	1711	0	0	1691	0.988310929281122	"""8.75""; ""13.898""; ""14.893"""	0.001168907071888	ea8302d340c8d0edf857758fbf4edb8a	FALSE	FALSE	FALSE	FALSE	FALSE	TRUE	FALSE	TRUE	FALSE	TRUE	FALSE	TRUE				TRUE	TRUE									TRUE	
ACS_PCT_MOBILE_HOME	numeric	1711	1706	TRUE	0.000584453535944	1711	0	0	1701	0.994155464640561	"""41.704""; ""60.742""; ""77.885"""	0.001168907071888	1525edec23b90af2aee9e7c2eb3004c1	FALSE	FALSE	FALSE	FALSE	FALSE	TRUE	FALSE	TRUE	FALSE	TRUE	FALSE						TRUE										
ACS_PCT_10UNITS	numeric	1711	1690	TRUE	0.009351256575102	1711	0	0	1682	0.983050847457627	"""0""; ""6.998""; ""7.08"""	0.008766803039158	cbc1e7ec2f4ecba4c1768447f5c9247d	FALSE	FALSE	FALSE	FALSE	FALSE	TRUE	FALSE	TRUE	FALSE	TRUE	FALSE						TRUE										
ACS_PCT_GRANDKID_TOT	numeric	1711	1705	TRUE	0.001168907071888	1711	0	0	1699	0.992986557568673	"""34.865""; ""35.009""; ""72.736"""	0.001168907071888	31787feced285dda56f032d11bea0e5b	FALSE	FALSE	FALSE	FALSE	FALSE	TRUE	FALSE	TRUE	FALSE	TRUE	FALSE						TRUE										
ACS_PCT_GRANDP_RESPS	numeric	1711	1681	TRUE	0.022793687901812	1711	0	0	1673	0.977790765634132	"""0""; ""100""; ""141.667"""	0.009351256575102	3ce0a6c5c2be64d6d9beec894513aa6f	FALSE	FALSE	FALSE	FALSE	FALSE	TRUE	FALSE	TRUE	FALSE	TRUE	FALSE	TRUE				TRUE	TRUE										
ACS_PCT_GRANDP_NO_RESPS	numeric	1711	1689	TRUE	0.019286966686149	1711	0	0	1681	0.982466393921683	"""100""; ""0""; ""50"""	0.005260081823495	7b61b3c6a8927d9e547aae174dc1276f	FALSE	FALSE	FALSE	FALSE	FALSE	TRUE	FALSE	TRUE	FALSE	TRUE	FALSE	TRUE				TRUE	TRUE										
ACS_PCT_GRANDP_RESPS_NO_P	numeric	1711	1685	TRUE	0.019871420222092	1711	0	0	1680	0.981881940385739	"""0""; ""100""; ""200"""	0.01052016364699	bf71fa0df463a4bf17030ec94bd50608	FALSE	FALSE	FALSE	FALSE	FALSE	TRUE	FALSE	TRUE	FALSE	TRUE	FALSE						TRUE										
ACS_PCT_DRIVE_2WORK	numeric	1711	1711	TRUE	0.001168907071888	1711	0	0	1711	1	"""91.11""; ""106.486""; ""112.46"""	0.000584453535944	7b0357c651374dd0d40f129dbfe6e274	FALSE	FALSE	FALSE	FALSE	FALSE	TRUE	FALSE	TRUE	FALSE	TRUE	FALSE						TRUE										
ACS_PCT_PUBL_TRANSIT	numeric	1711	1656	TRUE	0.016949152542373	1711	0	0	1628	0.951490356516657	"""0""; ""0.675""; ""1.07"""	0.016949152542373	4581b8f932ca12374ac83f0ee4f55fcb	FALSE	FALSE	FALSE	FALSE	FALSE	TRUE	FALSE	TRUE	FALSE	TRUE	FALSE	TRUE				TRUE	TRUE										TRUE
ACS_PCT_WALK_2WORK	numeric	1711	1697	TRUE	0.001168907071888	1711	0	0	1683	0.983635300993571	"""23.05""; ""25.871""; ""28.756"""	0.001168907071888	7b0aead0c2b705de33f36a92b618c643	FALSE	FALSE	FALSE	FALSE	FALSE	TRUE	FALSE	TRUE	FALSE	TRUE	FALSE						TRUE										
ACS_PCT_TAXICAB_2WORK	numeric	1711	1690	TRUE	0.005844535359439	1711	0	0	1676	0.979544126241964	"""0""; ""8.171""; ""13.249"""	0.005260081823495	1d399a7bed107f04c6b5b1d9a0076b60	FALSE	FALSE	FALSE	FALSE	FALSE	TRUE	FALSE	TRUE	FALSE	TRUE	FALSE					TRUE	TRUE										TRUE
ACS_PCT_WORK_NO_CAR	numeric	1711	1691	TRUE	0.004675628287551	1711	0	0	1676	0.979544126241964	"""0""; ""5.699""; ""8.124"""	0.004091174751607	ae4a735a1e93715ba0482ccbe2b2c56e	FALSE	FALSE	FALSE	FALSE	FALSE	TRUE	FALSE	TRUE	FALSE	TRUE	FALSE	TRUE				TRUE	TRUE										
ACS_PCT_COMMT_15MIN	numeric	1711	1710	TRUE	0.001168907071888	1711	0	0	1709	0.998831092928112	"""684.11""; ""31.452""; ""33.823"""	0.001168907071888	b941bb5e5ce4d19e8edf26eda88065cb	FALSE	FALSE	FALSE	FALSE	FALSE	TRUE	FALSE	TRUE	FALSE	TRUE	FALSE						TRUE										
ACS_PCT_COMMT_29MIN	numeric	1711	1711	TRUE	0	1711	0	0	1711	1	"""36.573""; ""40.232""; ""41.059"""	0.000584453535944	1798f4b0ba6e24eb7f3241b8ed4145f8	FALSE	FALSE	FALSE	FALSE	FALSE	TRUE	FALSE	TRUE	FALSE	TRUE	FALSE						TRUE										
ACS_PCT_COMMT_59MIN	numeric	1711	1708	TRUE	0.000584453535944	1711	0	0	1705	0.996493278784337	"""182.209""; ""201.661""; ""299.761"""	0.001168907071888	3a77e08001d31bd202f34e4030e34bd8	FALSE	FALSE	FALSE	FALSE	FALSE	TRUE	FALSE	TRUE	FALSE	TRUE	FALSE						TRUE										
ACS_PCT_COMMT_60MINUP	numeric	1711	1703	TRUE	0.000584453535944	1711	0	0	1695	0.990648743424898	"""62.658""; ""73.647""; ""74.289"""	0.001168907071888	991e003456d7793a0b3e3be9c0d2bae6	FALSE	FALSE	FALSE	FALSE	FALSE	TRUE	FALSE	TRUE	FALSE	TRUE	FALSE						TRUE										
ACS_PCT_PUB_COMMT_15MIN	numeric	1711	1297	TRUE	0.238457042665108	1711	0	0	1266	0.739918176504968	"""0""; ""100""; ""200"""	0.137346580946815	6d0868795a9859d14b21f543bbe975c4	FALSE	FALSE	FALSE	FALSE	FALSE	TRUE	FALSE	TRUE	FALSE	TRUE	FALSE						TRUE										
ACS_PCT_PUB_COMMT_29MIN	numeric	1711	1366	TRUE	0.182349503214494	1711	0	0	1331	0.777907656341321	"""0""; ""100""; ""200"""	0.103448275862069	a364ad4d003b261aa648a2a5c9637e36	FALSE	FALSE	FALSE	FALSE	FALSE	TRUE	FALSE	TRUE	FALSE	TRUE	FALSE						TRUE										
ACS_PCT_PUB_COMMT_59MIN	numeric	1711	1386	TRUE	0.180596142606663	1711	0	0	1355	0.791934541203974	"""0""; ""100""; ""200"""	0.093512565751023	e52c233d4ed41cb3fef366b828fddf81	FALSE	FALSE	FALSE	FALSE	FALSE	TRUE	FALSE	TRUE	FALSE	TRUE	FALSE						TRUE										
ACS_PCT_PUB_COMMT_60MINUP	numeric	1711	1375	TRUE	0.187609585037989	1711	0	0	1359	0.79427235534775	"""0""; ""100""; ""200"""	0.082407948568089	5a5028d84fb55273bd3c4445d3a4b204	FALSE	FALSE	FALSE	FALSE	FALSE	TRUE	FALSE	TRUE	FALSE	TRUE	FALSE						TRUE										
ACS_PCT_MEDICAID_ANY	numeric	1711	1708	TRUE	0.000584453535944	1711	0	0	1705	0.996493278784337	"""100.063""; ""114.913""; ""150.413"""	0.001168907071888	8c65410b5c57a87b882e4396f992cf3c	FALSE	FALSE	FALSE	FALSE	FALSE	TRUE	FALSE	TRUE	FALSE	TRUE	FALSE						TRUE										
ACS_PCT_MEDICARE_ONLY	numeric	1711	1701	TRUE	0.000584453535944	1711	0	0	1691	0.988310929281122	"""22.277""; ""27.166""; ""32.223"""	0.001168907071888	040bc45db2ba904ddcd2ab7613a0065e	FALSE	FALSE	FALSE	FALSE	FALSE	TRUE	FALSE	TRUE	FALSE	TRUE	FALSE	TRUE				TRUE	TRUE										
ACS_PCT_PRIVATE_ANY	numeric	1711	1710	TRUE	0	1711	0	0	1709	0.998831092928112	"""592.348""; ""61.711""; ""70.236"""	0.001168907071888	a4c8a5f4b975e174edb2c6af6e270fc4	FALSE	FALSE	FALSE	FALSE	FALSE	TRUE	FALSE	TRUE	FALSE	TRUE	FALSE						TRUE										
ACS_PCT_UNINSURED	numeric	1711	1705	TRUE	0	1711	0	0	1699	0.992986557568673	"""25.582""; ""79.575""; ""100.292"""	0.001168907071888	2d71bcd6cf9c916a51d3faef74611f03	FALSE	FALSE	FALSE	FALSE	FALSE	TRUE	FALSE	TRUE	FALSE	TRUE	FALSE	TRUE				TRUE	TRUE										
ACS_PCT_PRIVATE_EMPL	numeric	1711	1710	TRUE	0.000584453535944	1711	0	0	1709	0.998831092928112	"""446.595""; ""50.219""; ""55.293"""	0.001168907071888	39b15a2daa1aff935cf7389a934f78df	FALSE	FALSE	FALSE	FALSE	FALSE	TRUE	FALSE	TRUE	FALSE	TRUE	FALSE						TRUE										
ACS_PCT_PRIVATE_SELF	numeric	1711	1704	TRUE	0.001168907071888	1711	0	0	1697	0.991817650496785	"""10.639""; ""31.231""; ""35.555"""	0.001168907071888	65eef6208b4c972f288304f1a6c5b91f	FALSE	FALSE	FALSE	FALSE	FALSE	TRUE	FALSE	TRUE	FALSE	TRUE	FALSE						TRUE										
ACS_PCT_PRIVATE_2	numeric	1711	1693	TRUE	0.001168907071888	1711	0	0	1675	0.97895967270602	"""3.092""; ""4.634""; ""6.799"""	0.001168907071888	f6053542b0fac0e1917bdfad95b22e84	FALSE	FALSE	FALSE	FALSE	FALSE	TRUE	FALSE	TRUE	FALSE	TRUE	FALSE						TRUE										
ACS_PCT_PRIVATE_OTHER	numeric	1711	1590	TRUE	0.018702513150205	1711	0	0	1503	0.87843366452367	"""0""; ""0.614""; ""1.07"""	0.016949152542373	dde9c95f66178760a0bcad637f808452	FALSE	FALSE	FALSE	FALSE	FALSE	TRUE	FALSE	TRUE	FALSE	TRUE	FALSE						TRUE										
ACS_PCT_PRIVATE_MDCR	numeric	1711	1704	TRUE	0.000584453535944	1711	0	0	1697	0.991817650496785	"""2.904""; ""4.525""; ""16.852"""	0.001168907071888	b26a5eebe0af836167d848b665299900	FALSE	FALSE	FALSE	FALSE	FALSE	TRUE	FALSE	TRUE	FALSE	TRUE	FALSE						TRUE										
ACS_PCT_SELF_MDCR	numeric	1711	1701	TRUE	0.000584453535944	1711	0	0	1691	0.988310929281122	"""15.37""; ""32.069""; ""37.839"""	0.001168907071888	d9621dfaafd4b4400bd54c444d468d78	FALSE	FALSE	FALSE	FALSE	FALSE	TRUE	FALSE	TRUE	FALSE	TRUE	FALSE						TRUE										
ACS_PCT_TRICARE_VA	numeric	1711	1674	TRUE	0.002337814143776	1711	0	0	1638	0.957334891876096	"""0""; ""1.149""; ""3.03"""	0.001753360607832	70c9f23bb349c087a484b025922ad178	FALSE	FALSE	FALSE	FALSE	FALSE	TRUE	FALSE	TRUE	FALSE	TRUE	FALSE						TRUE										
ACS_PCT_PUBLIC_OTHER	numeric	1711	1650	TRUE	0.002922267679719	1711	0	0	1592	0.930450029222677	"""0""; ""2.325""; ""6.22"""	0.001753360607832	ed2dc28704949b5c8cb9c979e8f75512	FALSE	FALSE	FALSE	FALSE	FALSE	TRUE	FALSE	TRUE	FALSE	TRUE	FALSE						TRUE										
ACS_PCT_OTHER_INS	numeric	1711	1707	TRUE	0.000584453535944	1711	0	0	1703	0.995324371712449	"""32.958""; ""39.907""; ""42.853"""	0.001168907071888	f26da900a36c8d1e2f652dc9a615a4f8	FALSE	FALSE	FALSE	FALSE	FALSE	TRUE	FALSE	TRUE	FALSE	TRUE	FALSE	TRUE				TRUE	TRUE										
ACS_PCT_PUBLIC_ONLY	numeric	1711	1708	TRUE	0.002337814143776	1711	0	0	1705	0.996493278784337	"""70.662""; ""88.622""; ""166.333"""	0.001168907071888	385a8fbaa7d49939665ffb43480b1892	FALSE	FALSE	FALSE	FALSE	FALSE	TRUE	FALSE	TRUE	FALSE	TRUE	FALSE						TRUE										
ACS_PCT_MEDICAID_ANY64	numeric	1711	1710	TRUE	0.000584453535944	1711	0	0	1709	0.998831092928112	"""225.972""; ""14.232""; ""15.582"""	0.001168907071888	2658028c32c23c256baf4d886e8d21db	FALSE	FALSE	FALSE	FALSE	FALSE	TRUE	FALSE	TRUE	FALSE	TRUE	FALSE	TRUE				TRUE	TRUE										
ACS_PCT_PRIVATE_ANY64	numeric	1711	1711	TRUE	0.001168907071888	1711	0	0	1711	1	"""64.954""; ""80.772""; ""94.186"""	0.000584453535944	f565b1e53942f66d03914b6cd89f153f	FALSE	FALSE	FALSE	FALSE	FALSE	TRUE	FALSE	TRUE	FALSE	TRUE	FALSE						TRUE										
ACS_PCT_UNINSURED64	numeric	1711	1711	TRUE	0.000584453535944	1711	0	0	1711	1	"""9.536""; ""11.746""; ""12.549"""	0.000584453535944	5f74bbfda5a77b7d38ef9d0b04482642	FALSE	FALSE	FALSE	FALSE	FALSE	TRUE	FALSE	TRUE	FALSE	TRUE	FALSE	TRUE				TRUE	TRUE										
ACS_PCT_PRIVATE_EMPL64	numeric	1711	1710	TRUE	0.002922267679719	1711	0	0	1709	0.998831092928112	"""750.026""; ""55.045""; ""64.081"""	0.001168907071888	49014b337daa1a7787adacf4249d413e	FALSE	FALSE	FALSE	FALSE	FALSE	TRUE	FALSE	TRUE	FALSE	TRUE	FALSE						TRUE										
ACS_PCT_PRIVATE_SELF64	numeric	1711	1706	TRUE	0.001753360607832	1711	0	0	1701	0.994155464640561	"""7.07""; ""26.191""; ""32.162"""	0.001168907071888	93117413a80eddc2aabbbf3ee748ee19	FALSE	FALSE	FALSE	FALSE	FALSE	TRUE	FALSE	TRUE	FALSE	TRUE	FALSE						TRUE										
ACS_PCT_TRICARE_VA64	numeric	1711	1691	TRUE	0.002337814143776	1711	0	0	1671	0.976621858562244	"""0""; ""4.805""; ""4.852"""	0.001168907071888	7f84c97b7d3ffcde43c180a66f63d7e4	FALSE	FALSE	FALSE	FALSE	FALSE	TRUE	FALSE	TRUE	FALSE	TRUE	FALSE						TRUE										
CCBP_RATE_BWLSTORES_PER_1000	numeric	1711	1575	TRUE	0.077732320280538	1711	0	0	1570	0.917592051431911	"""0""; ""0.0939319932368965""; ""0.182182546912006"""	0.077732320280538	c12f84893639b5a0edef7abdb38c65b2	FALSE	FALSE	FALSE	FALSE	FALSE	TRUE	FALSE	TRUE	FALSE	TRUE	FALSE									TRUE							
CCBP_RATE_CFHEORS_PER_1000	numeric	1711	676	TRUE	0.561659848042081	1711	0	0	615	0.359438924605494	"""0""; ""0.0353494291067199""; ""0.0407481357727884"""	0.561659848042081	fd24a5b6475b1fa0b61ccc74079367ed	FALSE	FALSE	FALSE	FALSE	FALSE	TRUE	FALSE	TRUE	FALSE	TRUE	FALSE									TRUE							
CCBP_RATE_CFS_PER_1000	numeric	1711	1246	TRUE	0.25073056691993	1711	0	0	1208	0.706019871420222	"""0""; ""0.0918948722661275""; ""0.0130770236694128"""	0.250146113383986	4813ff6d4e9cee517a01288197cc5411	FALSE	FALSE	FALSE	FALSE	FALSE	TRUE	FALSE	TRUE	FALSE	TRUE	FALSE									TRUE							
CCBP_RATE_CHS_PER_1000	numeric	1711	1041	TRUE	0.360023378141438	1711	0	0	991	0.579193454120397	"""0""; ""0.0405367059872715""; ""0.0909918107370337"""	0.360023378141438	8dbfdad19a4fe574ee8c21197e742b2e	FALSE	FALSE	FALSE	FALSE	FALSE	TRUE	FALSE	TRUE	FALSE	TRUE	FALSE									TRUE							
CCBP_RATE_CS_PER_1000	numeric	1711	1702	TRUE	0.005844535359439	1711	0	0	1701	0.994155464640561	"""0""; ""0.150761344791196""; ""0.224971878515186"""	0.005844535359439	2a40acab1415129772ee2f39aae101a4	FALSE	FALSE	FALSE	FALSE	FALSE	TRUE	FALSE	TRUE	FALSE	TRUE	FALSE									TRUE							
CCBP_RATE_FCRSC_PER_1000	numeric	1711	1531	TRUE	0.101110461718293	1711	0	0	1522	0.889538281706604	"""0""; ""0.0246141728407217""; ""0.031085827971028"""	0.101110461718293	a4a4708db77dd263d781d597d40a75d0	FALSE	FALSE	FALSE	FALSE	FALSE	TRUE	FALSE	TRUE	FALSE	TRUE	FALSE									TRUE							
CCBP_RATE_FF_PER_1000	numeric	1711	1674	TRUE	0.022209234365868	1711	0	0	1673	0.977790765634132	"""0""; ""0.172349409703272""; ""0.177022481855196"""	0.022209234365868	22b6a01a4a5975c5161b6a1789f1b21d	FALSE	FALSE	FALSE	FALSE	FALSE	TRUE	FALSE	TRUE	FALSE	TRUE	FALSE									TRUE							
CCBP_RATE_FSR_PER_1000	numeric	1711	1695	TRUE	0.008766803039158	1711	0	0	1692	0.988895382817066	"""0""; ""0.233154581487526""; ""1.15074798619102"""	0.008766803039158	2813f9e7d0d8bb9b4fabfe065b4571d0	FALSE	FALSE	FALSE	FALSE	FALSE	TRUE	FALSE	TRUE	FALSE	TRUE	FALSE									TRUE							
CCBP_RATE_GAMBLING_PER_1000	numeric	1711	737	TRUE	0.529514903565167	1711	0	0	676	0.395090590298071	"""0""; ""0.0754432289701999""; ""0.0774053719328121"""	0.529514903565167	7d22307533e9ab7bdc14cf83f2226137	FALSE	FALSE	FALSE	FALSE	FALSE	TRUE	FALSE	TRUE	FALSE	TRUE	FALSE									TRUE							
CCBP_RATE_SFS_PER_1000	numeric	1711	1496	TRUE	0.122735242548217	1711	0	0	1489	0.870251315020456	"""0""; ""0.119803522223553""; ""0.166140554909453"""	0.122735242548217	ad1433ab92300a417995b6a382502f0c	FALSE	FALSE	FALSE	FALSE	FALSE	TRUE	FALSE	TRUE	FALSE	TRUE	FALSE									TRUE							
CCBP_RATE_SHELTERS_PER_1000	numeric	1711	993	TRUE	0.395675043834015	1711	0	0	959	0.560490940970193	"""0""; ""6.99300699300699""; ""4.27350427350427"""	0.395675043834015	6bd17e1b3456ee003bdb9a04bdfaa3cb	FALSE	FALSE	FALSE	FALSE	FALSE	TRUE	FALSE	TRUE	FALSE	TRUE	FALSE									TRUE							
CCBP_RATE_SOGS_PER_1000	numeric	1711	1684	TRUE	0.016364699006429	1711	0	0	1683	0.983635300993571	"""0""; ""0.0283478852477605""; ""0.059343659130022"""	0.016364699006429	035f75a644b61f9bd508b4085d23f856	FALSE	FALSE	FALSE	FALSE	FALSE	TRUE	FALSE	TRUE	FALSE	TRUE	FALSE									TRUE							
RSR	numeric	1711	1711	TRUE	0	1711	0	0	1711	1	"""1.0407350742""; ""1.0521535096""; ""1.0534016052"""	0.000584453535944	4da7d6b00d27d6b323488b9fdb75b17b	FALSE	FALSE	FALSE	FALSE	FALSE	TRUE	FALSE	TRUE	FALSE	TRUE	FALSE									TRUE							
ACS_PCT_BROADBAND																											TRUE	TRUE	TRUE	TRUE										
ACS_PCT_INTERNET																											TRUE	TRUE	TRUE	TRUE										
ACS_PCT_SMARTPHONE																											TRUE	TRUE	TRUE	TRUE										
